Store ID ,Store_Area,Items_Available,Daily_Customer_Count,Store_Sales,Sales_per_SqFt,Customer_Density,High_Sales_Flag
1,1659,1961,530,66490,40.07836045810729,0.3194695599758891,0
2,1461,1752,210,39820,27.255304585900067,0.1437371663244353,0
3,1340,1609,720,54010,40.30597014925373,0.5373134328358209,0
4,1451,1748,620,53730,37.02963473466575,0.4272915230875258,0
5,1770,2111,450,46620,26.338983050847457,0.2542372881355932,0
6,1442,1733,760,45260,31.386962552011095,0.5270457697642164,0
7,1542,1858,1030,72240,46.84824902723735,0.6679636835278858,0
8,1261,1507,1020,37720,29.912767644726408,0.8088818398096749,0
9,1090,1321,680,46310,42.48623853211009,0.6238532110091743,0
10,1030,1235,1130,44150,42.86407766990291,1.0970873786407767,0
11,1187,1439,1090,71280,60.05054759898905,0.9182813816343723,0
12,1751,2098,720,57620,32.90691033695031,0.41119360365505425,0
13,1746,2064,1050,60470,34.63344788087056,0.6013745704467354,0
14,1615,1931,1160,59130,36.61300309597523,0.718266253869969,0
15,1469,1756,770,66360,45.17358747447243,0.5241660993873384,0
16,1644,1950,790,78870,47.97445255474452,0.4805352798053528,0
17,1578,1907,1440,77250,48.954372623574145,0.9125475285171103,0
18,1703,2045,670,38170,22.413388138578977,0.3934233705226072,0
19,1438,1731,1030,63540,44.186369958275385,0.7162726008344924,0
20,1940,2340,980,40190,20.716494845360824,0.5051546391752577,0
21,1421,1700,370,43460,30.584095707248416,0.2603800140745954,0
22,1458,1746,690,68890,47.249657064471876,0.4732510288065844,0
23,1719,2065,950,52780,30.70389761489238,0.5526468877254218,0
24,1449,1752,620,50680,34.97584541062802,0.4278812974465148,0
25,1234,1488,840,41880,33.93841166936791,0.6807131280388979,0
26,1732,2073,820,70050,40.4445727482679,0.47344110854503463,0
27,1475,1777,1100,25820,17.505084745762712,0.7457627118644068,0
28,1390,1648,980,60530,43.54676258992806,0.7050359712230215,0
29,1642,1943,710,78100,47.56394640682095,0.43239951278928135,0
30,1715,2071,650,84860,49.481049562682216,0.37900874635568516,0
31,1439,1746,990,80140,55.69145239749826,0.6879777623349548,0
32,1250,1508,990,14920,11.936,0.792,0
33,1331,1608,880,60460,45.42449286250939,0.6611570247933884,0
34,1784,2163,620,74560,41.79372197309417,0.3475336322869955,0
35,1375,1648,1020,72430,52.67636363636364,0.7418181818181818,0
36,1871,2230,700,45460,24.297167290219136,0.3741314804917157,0
37,1442,1744,610,41570,28.828016643550622,0.42302357836338417,0
38,1174,1411,1080,62870,53.55195911413969,0.919931856899489,0
39,1839,2204,1010,55170,30.0,0.5492115280043501,0
40,1270,1516,10,45480,35.811023622047244,0.007874015748031496,0
41,1435,1725,1250,49550,34.52961672473867,0.8710801393728222,0
42,965,1152,600,48140,49.8860103626943,0.6217616580310881,0
43,1665,2001,730,67640,40.62462462462462,0.43843843843843844,0
44,1780,2117,780,39730,22.320224719101123,0.43820224719101125,0
45,1009,1194,520,35800,35.4806739345887,0.5153617443012884,0
46,1227,1471,870,49270,40.15484922575387,0.7090464547677262,0
47,1769,2087,690,66510,37.597512719050314,0.3900508762012436,0
48,1660,1982,910,62530,37.66867469879518,0.5481927710843374,0
49,1472,1776,1260,59980,40.74728260869565,0.8559782608695652,0
50,1408,1688,1040,76350,54.22585227272727,0.7386363636363636,0
51,1514,1820,910,81820,54.04227212681638,0.6010568031704095,0
52,1565,1880,1300,57830,36.95207667731629,0.8306709265175719,0
53,1074,1288,320,70450,65.59590316573556,0.297951582867784,0
54,1864,2240,530,67000,35.94420600858369,0.2843347639484979,0
55,1570,1898,980,64090,40.82165605095541,0.6242038216560509,0
56,1417,1701,740,48670,34.347212420606915,0.5222300635144672,0
57,1734,2060,1240,66210,38.18339100346021,0.7151095732410612,0
58,1470,1763,1080,83660,56.91156462585034,0.7346938775510204,0
59,1761,2104,1080,70770,40.18739352640545,0.6132879045996593,0
60,1756,2070,460,53870,30.67767653758542,0.2619589977220957,0
61,1704,2045,300,71300,41.84272300469483,0.176056338028169,0
62,2011,2391,530,46100,22.92391844853307,0.26355047240179014,0
63,1472,1748,600,49100,33.35597826086956,0.4076086956521739,0
64,1310,1561,860,65920,50.3206106870229,0.6564885496183206,0
65,1544,1821,590,58660,37.99222797927461,0.38212435233160624,0
66,1707,2052,920,69130,40.497949619215,0.5389572349150556,0
67,1881,2262,570,49080,26.09250398724083,0.30303030303030304,0
68,1416,1681,290,72710,51.34887005649718,0.20480225988700565,0
69,1631,1941,650,33430,20.49662783568363,0.39852851011649293,0
70,1318,1576,710,42430,32.192716236722305,0.5386949924127465,0
71,1692,2019,850,56650,33.481087470449175,0.5023640661938534,0
72,1152,1380,530,33580,29.149305555555557,0.4600694444444444,0
73,891,1073,630,67370,75.61167227833894,0.7070707070707071,0
74,1468,1749,700,71780,48.89645776566758,0.4768392370572207,0
75,1539,1833,650,84840,55.12670565302144,0.4223521767381416,0
76,1635,1956,720,82070,50.19571865443425,0.44036697247706424,0
77,1267,1520,450,26770,21.128650355169693,0.35516969218626676,0
78,1250,1475,1390,65560,52.448,1.112,0
79,1720,2044,960,38660,22.476744186046513,0.5581395348837209,0
80,1462,1761,600,65660,44.91108071135431,0.4103967168262654,0
81,1431,1711,620,40700,28.44164919636618,0.4332634521313767,0
82,1539,1858,1020,88910,57.771280051981805,0.6627680311890838,0
83,1441,1723,330,57860,40.152671755725194,0.22900763358778625,0
84,1572,1884,1410,42670,27.143765903307887,0.8969465648854962,0
85,1287,1525,1200,90180,70.06993006993007,0.9324009324009324,0
86,1468,1760,280,51280,34.93188010899183,0.1907356948228883,0
87,1931,2342,940,97260,50.367685137234595,0.48679440704298294,0
88,1252,1506,850,39650,31.669329073482427,0.6789137380191693,0
89,1238,1468,960,45720,36.93053311793215,0.7754442649434572,0
90,1479,1758,420,42060,28.43813387423935,0.2839756592292089,0
91,1590,1912,830,65350,41.100628930817614,0.5220125786163522,0
92,2169,2617,600,67080,30.926694329183956,0.2766251728907331,0
93,1838,2205,400,54030,29.39608269858542,0.2176278563656148,0
94,1385,1655,760,56360,40.69314079422383,0.5487364620938628,0
95,1921,2305,1470,77120,40.14575741801145,0.7652264445601249,0
96,1975,2385,500,50810,25.72658227848101,0.25316455696202533,0
97,1853,2235,1120,60960,32.89800323799245,0.6044252563410686,0
98,1816,2171,1160,61180,33.68942731277533,0.6387665198237885,0
99,1785,2147,820,63660,35.66386554621849,0.45938375350140054,0
100,1579,1899,1140,41190,26.08613046231792,0.7219759341355289,0
101,1096,1321,900,78420,71.55109489051095,0.8211678832116789,0
102,1919,2294,760,65580,34.17404898384575,0.39603960396039606,0
103,1262,1500,1170,89080,70.5863708399366,0.9270998415213946,0
104,1374,1655,1080,94170,68.53711790393012,0.7860262008733624,0
105,1309,1587,1000,50950,38.92284186401834,0.7639419404125286,0
106,1207,1434,690,65180,54.0016570008285,0.5716652858326429,0
107,1692,2031,810,69310,40.963356973995275,0.4787234042553192,0
108,1929,2311,630,79210,41.06272680145153,0.3265940902021773,0
109,1573,1878,650,23740,15.092180546726,0.4132231404958678,0
110,1415,1700,920,36330,25.674911660777386,0.6501766784452296,0
111,1162,1382,1260,51700,44.49225473321859,1.0843373493975903,0
112,1485,1787,800,62950,42.39057239057239,0.5387205387205387,0
113,1897,2248,1330,56010,29.52556668423827,0.7011070110701108,0
114,1607,1927,940,45080,28.0522713130056,0.5849408836341008,0
115,1909,2287,1210,46830,24.53116815086433,0.6338397066526977,0
116,1274,1503,660,64750,50.824175824175825,0.5180533751962323,0
117,1157,1379,770,80780,69.81849611063095,0.665514261019879,0
118,1712,2046,460,31180,18.212616822429908,0.26869158878504673,0
119,1500,1798,860,56710,37.806666666666665,0.5733333333333334,0
120,1682,2017,780,49390,29.36385255648038,0.4637336504161712,0
121,1441,1727,890,66000,45.80152671755725,0.6176266481609993,0
122,1525,1835,900,32770,21.488524590163934,0.5901639344262295,0
123,1408,1669,530,46580,33.08238636363637,0.37642045454545453,0
124,1947,2333,790,79780,40.975860297894194,0.40575243965074476,0
125,1164,1390,370,35510,30.506872852233677,0.3178694158075601,0
126,1787,2137,610,80970,45.3105763850028,0.3413542249580302,0
127,1871,2241,500,61150,32.68305718866916,0.2672367717797969,0
128,1718,2051,750,49210,28.643771827706637,0.43655413271245636,0
129,1365,1636,980,79950,58.57142857142857,0.717948717948718,0
130,1368,1654,530,68740,50.248538011695906,0.38742690058479534,0
131,1342,1595,910,57480,42.831594634873326,0.6780923994038748,0
132,1076,1270,620,72630,67.5,0.5762081784386617,0
133,1396,1672,1170,50070,35.86676217765043,0.83810888252149,0
134,1713,2071,900,40490,23.636894337419733,0.5253940455341506,0
135,1370,1638,980,51850,37.846715328467155,0.7153284671532847,0
136,1667,1993,740,42840,25.69886022795441,0.4439112177564487,0
137,1638,1972,810,60940,37.20390720390721,0.4945054945054945,0
138,1581,1905,810,62280,39.39278937381404,0.5123339658444023,0
139,1795,2187,300,76530,42.63509749303621,0.1671309192200557,0
140,1179,1412,790,85130,72.20525869380832,0.6700593723494487,0
141,1978,2374,800,48590,24.565217391304348,0.4044489383215369,0
142,1688,2042,760,73080,43.29383886255924,0.45023696682464454,0
143,1214,1456,530,48950,40.32125205930807,0.43657331136738053,0
144,1504,1805,540,48560,32.287234042553195,0.35904255319148937,0
145,1498,1770,620,59380,39.639519359145524,0.41388518024032045,0
146,1462,1762,1010,51190,35.01367989056087,0.6908344733242134,0
147,1442,1750,130,58920,40.85991678224688,0.09015256588072122,0
148,1250,1486,730,50360,40.288,0.584,0
149,1229,1480,830,38070,30.97640358014646,0.6753458096013019,0
150,1936,2300,1060,49170,25.397727272727273,0.5475206611570248,0
151,1369,1629,770,39740,29.028487947406866,0.5624543462381301,0
152,1662,1986,70,63730,38.3453670276775,0.0421179302045728,0
153,1548,1855,670,85330,55.122739018087856,0.43281653746770027,0
154,1649,1963,490,27410,16.622195269860523,0.2971497877501516,0
155,1393,1663,670,37320,26.791098348887292,0.4809763101220388,0
156,1450,1734,380,71120,49.04827586206896,0.2620689655172414,0
157,1613,1921,1200,72800,45.13329200247985,0.7439553626782393,0
158,1408,1696,350,34410,24.438920454545453,0.24857954545454544,0
159,775,932,1090,42530,54.87741935483871,1.4064516129032258,0
160,1275,1534,1230,54300,42.588235294117645,0.9647058823529412,0
161,1740,2078,680,50780,29.183908045977013,0.39080459770114945,0
162,1372,1657,580,45020,32.8134110787172,0.4227405247813411,0
163,1414,1723,680,69600,49.222065063649225,0.4809052333804809,0
164,2044,2474,340,80340,39.30528375733855,0.16634050880626222,0
165,1823,2176,700,37810,20.740537575425122,0.3839824465167307,0
166,955,1133,580,46140,48.31413612565445,0.6073298429319371,0
167,1465,1763,680,99570,67.96587030716724,0.4641638225255973,0
168,1331,1606,630,38650,29.03831705484598,0.473328324567994,0
169,1232,1487,860,49800,40.422077922077925,0.698051948051948,0
170,1481,1765,490,69910,47.204591492234975,0.33085752869682644,0
171,1343,1599,870,44910,33.44005956813105,0.6478034251675354,0
172,1539,1837,990,78470,50.98765432098765,0.6432748538011696,0
173,1007,1207,670,47460,47.130089374379345,0.6653426017874876,0
174,1762,2145,490,33460,18.989784335981838,0.27809307604994327,0
175,1527,1832,580,44090,28.873608382449248,0.3798297314996726,0
176,1356,1619,700,42620,31.430678466076696,0.5162241887905604,0
177,1536,1848,670,69450,45.21484375,0.4361979166666667,0
178,1605,1902,390,73120,45.557632398753896,0.24299065420560748,0
179,1704,2032,590,48300,28.345070422535212,0.34624413145539906,0
180,1626,1941,1350,58090,35.72570725707257,0.8302583025830258,0
181,1612,1939,840,74250,46.06079404466501,0.5210918114143921,0
182,1174,1396,1100,40930,34.863713798977855,0.9369676320272572,0
183,1923,2339,950,70930,36.885075403016124,0.49401976079043164,0
184,1702,2053,950,64670,37.99647473560517,0.5581668625146886,0
185,1398,1692,650,77420,55.379113018598,0.46494992846924177,0
186,1437,1717,230,32330,22.498260264439804,0.16005567153792624,0
187,1524,1796,1060,41080,26.95538057742782,0.6955380577427821,0
188,1660,1985,1180,42860,25.819277108433734,0.7108433734939759,0
189,1302,1569,710,68450,52.572964669738866,0.5453149001536098,0
190,1666,2000,480,39730,23.84753901560624,0.28811524609843936,0
191,1391,1649,810,83750,60.20848310567937,0.582314881380302,0
192,1778,2148,1140,69940,39.336332958380204,0.641169853768279,0
193,1462,1770,1070,67710,46.31326949384405,0.7318741450068399,0
194,1751,2115,790,67360,38.46944603083952,0.4511707595659623,0
195,1652,1982,690,52460,31.75544794188862,0.41767554479418884,0
196,1841,2215,610,88760,48.21292775665399,0.3313416621401412,0
197,1496,1791,1240,67030,44.80614973262032,0.8288770053475936,0
198,1504,1827,840,78230,52.014627659574465,0.5585106382978723,0
199,1524,1808,460,62270,40.85958005249344,0.30183727034120733,0
200,1148,1371,940,49760,43.34494773519164,0.818815331010453,0
201,1468,1744,590,73660,50.177111716621255,0.4019073569482289,0
202,1310,1558,890,72320,55.20610687022901,0.6793893129770993,0
203,1321,1579,770,68890,52.14988644965935,0.5828917486752461,0
204,992,1192,900,34180,34.45564516129032,0.907258064516129,0
205,1540,1857,1020,58260,37.83116883116883,0.6623376623376623,0
206,1807,2149,910,38120,21.09573879358052,0.5035971223021583,0
207,1526,1853,660,49070,32.15596330275229,0.4325032765399738,0
208,1406,1677,480,61660,43.85490753911807,0.3413940256045519,0
209,1703,2055,1080,37830,22.213740458015266,0.6341749853200235,0
210,1575,1872,690,52270,33.18730158730159,0.4380952380952381,0
211,1309,1572,510,52280,39.938884644767,0.38961038961038963,0
212,1488,1807,1030,70810,47.58736559139785,0.6922043010752689,0
213,1658,1988,370,71530,43.142340168878164,0.22316043425814233,0
214,1863,2245,640,77260,41.47074610842727,0.3435319377348363,0
215,1458,1725,750,75550,51.81755829903978,0.51440329218107,0
216,1604,1909,370,33730,21.028678304239403,0.23067331670822944,0
217,1575,1899,840,66270,42.076190476190476,0.5333333333333333,0
218,1525,1829,840,55820,36.60327868852459,0.5508196721311476,0
219,1451,1737,890,68430,47.1605789110958,0.6133700895933839,0
220,1390,1687,620,73990,53.23021582733813,0.4460431654676259,0
221,1442,1742,310,62800,43.5506241331484,0.21497919556171982,0
222,1620,1922,550,33740,20.82716049382716,0.3395061728395062,0
223,1251,1527,380,63830,51.023181454836134,0.3037569944044764,0
224,1318,1606,1200,24410,18.520485584218513,0.9104704097116844,0
225,1647,1962,800,70020,42.513661202185794,0.48573163327261687,0
226,1829,2175,870,92240,50.431930016402404,0.4756697648988518,0
227,1852,2227,1220,68230,36.841252699784015,0.6587473002159827,0
228,1699,2053,1080,81870,48.18716892289582,0.6356680400235433,0
229,1325,1595,540,73860,55.74339622641509,0.4075471698113208,0
230,1350,1634,880,77120,57.12592592592593,0.6518518518518519,0
231,1347,1628,120,72350,53.71195248700817,0.08908685968819599,0
232,1397,1661,1410,49160,35.18969219756622,1.0093056549749464,0
233,1245,1499,570,45650,36.666666666666664,0.4578313253012048,0
234,1366,1649,940,52780,38.63836017569546,0.6881405563689604,0
235,1378,1658,760,90960,66.00870827285921,0.5515239477503628,0
236,1767,2110,1200,64950,36.7572156196944,0.6791171477079796,0
237,1184,1434,670,47230,39.8902027027027,0.5658783783783784,0
238,1257,1505,950,83250,66.22911694510739,0.7557677008750995,0
239,1863,2247,480,51950,27.885131508319915,0.2576489533011272,0
240,1881,2244,920,66030,35.103668261563,0.4891015417331207,0
241,1329,1609,1150,68590,51.61023325808879,0.8653122648607976,0
242,1539,1848,750,47140,30.630279402209226,0.4873294346978557,0
243,1557,1861,370,69940,44.91971740526654,0.23763648041104687,0
244,2007,2397,610,65890,32.83009466865969,0.3039362232187344,0
245,1185,1418,1150,89310,75.36708860759494,0.9704641350210971,0
246,1657,2003,1070,58540,35.32890766445383,0.6457453228726614,0
247,1294,1539,790,78130,60.37867078825348,0.6105100463678517,0
248,1296,1559,1070,92300,71.21913580246914,0.8256172839506173,0
249,1733,2097,730,56170,32.41200230813618,0.4212348528563185,0
250,1641,1976,620,46050,28.062157221206583,0.3778184034125533,0
251,1373,1648,530,43390,31.60233066278223,0.3860160233066278,0
252,1550,1845,700,61750,39.83870967741935,0.45161290322580644,0
253,1583,1907,680,21830,13.790271636133923,0.4295641187618446,0
254,1428,1719,1060,39800,27.871148459383754,0.742296918767507,0
255,1604,1925,670,54370,33.89650872817955,0.4177057356608479,0
256,1439,1735,400,62470,43.41209173036831,0.27797081306462823,0
257,1648,2003,910,82930,50.32160194174757,0.5521844660194175,0
258,1025,1231,760,63720,62.165853658536584,0.7414634146341463,0
259,2001,2394,540,79180,39.57021489255372,0.2698650674662669,0
260,1145,1370,350,38210,33.37117903930131,0.3056768558951965,0
261,1174,1426,980,25950,22.103918228279387,0.8347529812606473,0
262,913,1106,860,56610,62.004381161007665,0.9419496166484118,0
263,1199,1433,1020,73710,61.476230191826524,0.8507089241034195,0
264,1875,2254,1120,70400,37.54666666666667,0.5973333333333334,0
265,1153,1397,1020,50440,43.74674761491761,0.8846487424111015,0
266,1240,1492,940,66840,53.903225806451616,0.7580645161290323,0
267,1381,1660,970,50170,36.328747284576394,0.7023895727733527,0
268,1701,2030,830,60140,35.355673133450914,0.4879482657260435,0
269,1206,1456,920,37130,30.787728026533998,0.7628524046434494,0
270,1476,1777,660,42890,29.058265582655828,0.44715447154471544,0
271,1189,1439,780,26220,22.05214465937763,0.656013456686291,0
272,1837,2220,340,50840,27.675557974959172,0.18508437670114317,0
273,1319,1571,1190,25630,19.431387414708112,0.9021986353297953,0
274,1617,1901,490,60770,37.581941867656155,0.30303030303030304,0
275,1631,1967,1090,69600,42.67320662170447,0.668301655426119,0
276,1517,1805,1040,41740,27.51483190507581,0.6855636123928807,0
277,1764,2109,1210,50130,28.418367346938776,0.6859410430839002,0
278,1572,1869,1030,21750,13.835877862595419,0.6552162849872774,0
279,1855,2197,1170,80490,43.39083557951483,0.6307277628032345,0
280,1327,1571,730,34020,25.63677467972871,0.5501130369253956,0
281,1270,1515,720,60240,47.43307086614173,0.5669291338582677,0
282,1734,2073,500,39460,22.75663206459054,0.28835063437139563,0
283,1533,1848,1070,56440,36.81669928245271,0.6979778212654925,0
284,1390,1646,800,46840,33.697841726618705,0.5755395683453237,0
285,1856,2216,1020,64820,34.92456896551724,0.5495689655172413,0
286,1000,1215,1070,52520,52.52,1.07,0
287,1313,1586,420,45940,34.98857578065499,0.31987814166031986,0
288,1494,1799,510,38970,26.08433734939759,0.3413654618473896,0
289,1386,1674,1210,58610,42.287157287157285,0.873015873015873,0
290,1979,2364,660,30810,15.568468923698838,0.3335017685699848,0
291,1057,1264,360,47730,45.15610217596973,0.34058656575212864,0
292,902,1093,1210,64640,71.66297117516629,1.3414634146341464,0
293,1347,1622,560,44860,33.30363771343727,0.41573867854491464,0
294,1314,1576,360,55660,42.35920852359209,0.273972602739726,0
295,1513,1803,970,57530,38.023793787177794,0.6411103767349636,0
296,1305,1548,480,75200,57.62452107279694,0.367816091954023,0
297,1180,1436,690,37330,31.635593220338983,0.5847457627118644,0
298,1142,1352,710,35280,30.893169877408056,0.6217162872154116,0
299,1471,1768,780,70610,48.00135961930659,0.53025152957172,0
300,1075,1288,630,49720,46.25116279069768,0.586046511627907,0
301,1578,1885,220,68850,43.631178707224336,0.1394169835234474,0
302,1585,1916,1110,50740,32.01261829652997,0.7003154574132492,0
303,1391,1648,720,77070,55.40618260244428,0.5176132278936018,0
304,1577,1892,560,74730,47.38744451490171,0.35510462904248574,0
305,1092,1314,600,76530,70.08241758241758,0.5494505494505495,0
306,1375,1681,440,68900,50.10909090909091,0.32,0
307,1523,1813,520,44960,29.520682862770848,0.34143138542350626,0
308,1373,1654,410,41490,30.21849963583394,0.2986161689730517,0
309,1550,1871,590,74320,47.94838709677419,0.38064516129032255,0
310,1614,1946,740,73800,45.72490706319702,0.45848822800495664,0
311,1566,1889,610,56400,36.015325670498086,0.3895274584929757,0
312,2019,2396,540,71570,35.44824170381377,0.2674591381872214,0
313,1494,1806,1450,43640,29.21017402945114,0.9705488621151271,0
314,1659,2008,620,35120,21.169379144062688,0.37371910789632307,0
315,1766,2131,340,58670,33.221970554926386,0.19252548131370328,0
316,1293,1554,970,75800,58.62335653518948,0.7501933488012374,0
317,1375,1659,1080,76640,55.738181818181815,0.7854545454545454,0
318,1236,1484,560,31890,25.800970873786408,0.45307443365695793,0
319,1332,1586,630,61670,46.2987987987988,0.47297297297297297,0
320,1513,1825,980,75950,50.19828155981494,0.6477197620621282,0
321,1208,1459,930,41490,34.34602649006622,0.7698675496688742,0
322,1190,1429,470,66170,55.60504201680672,0.3949579831932773,0
323,1448,1734,680,37980,26.2292817679558,0.4696132596685083,0
324,1771,2147,430,62710,35.409373235460194,0.24280067758328627,0
325,1365,1645,830,60470,44.3003663003663,0.608058608058608,0
326,1510,1810,950,35230,23.33112582781457,0.6291390728476821,0
327,1458,1736,870,48550,33.29903978052126,0.5967078189300411,0
328,1808,2157,730,56810,31.42146017699115,0.40376106194690264,0
329,1615,1954,760,41080,25.436532507739937,0.47058823529411764,0
330,1640,1948,960,51270,31.26219512195122,0.5853658536585366,0
331,1060,1273,860,57500,54.24528301886792,0.8113207547169812,0
332,1633,1968,330,81470,49.88977342314758,0.20208205756276792,0
333,1222,1473,630,49570,40.56464811783961,0.5155482815057283,0
334,1619,1957,1280,45580,28.153180975911056,0.7906114885731933,0
335,1624,1973,1440,44660,27.5,0.8866995073891626,0
336,1887,2278,570,76240,40.40275569687334,0.302066772655008,0
337,1320,1583,540,43720,33.121212121212125,0.4090909090909091,0
338,1450,1750,480,46700,32.206896551724135,0.3310344827586207,0
339,1455,1764,390,84690,58.20618556701031,0.26804123711340205,0
340,966,1172,900,85470,88.47826086956522,0.9316770186335404,0
341,1922,2290,290,80410,41.8366285119667,0.15088449531737774,0
342,1678,1999,740,46650,27.800953516090583,0.4410011918951132,0
343,1638,1952,690,81840,49.96336996336996,0.42124542124542125,0
344,1145,1375,950,63590,55.53711790393013,0.8296943231441049,0
345,2004,2390,930,50130,25.01497005988024,0.46407185628742514,0
346,1954,2378,810,45820,23.44933469805527,0.41453428863868985,0
347,1577,1879,760,86710,54.98414711477489,0.4819277108433735,0
348,1766,2138,580,49980,28.301245753114383,0.32842582106455265,0
349,1362,1634,770,82940,60.89574155653451,0.5653450807635829,0
350,1886,2228,1530,40350,21.394485683987273,0.8112407211028632,0
351,1291,1546,420,93950,72.7730441518203,0.32532920216886135,0
352,1584,1897,1210,47310,29.867424242424242,0.7638888888888888,0
353,1397,1686,850,21300,15.246957766642806,0.6084466714387974,0
354,1445,1709,1340,62180,43.03114186851211,0.9273356401384083,0
355,1433,1707,1160,61460,42.88904396371249,0.8094905792044662,0
356,1269,1511,500,54360,42.836879432624116,0.39401103230890466,0
357,1798,2134,820,72050,40.07230255839822,0.4560622914349277,0
358,1514,1822,670,48090,31.76354029062087,0.4425363276089828,0
359,1015,1216,460,27310,26.9064039408867,0.45320197044334976,0
360,1495,1799,950,57160,38.23411371237458,0.6354515050167224,0
361,1759,2095,980,34190,19.437180216031837,0.557134735645253,0
362,1219,1468,850,35600,29.204265791632487,0.6972928630024611,0
363,1571,1877,580,54670,34.799490770210056,0.36919159770846594,0
364,1404,1670,620,76730,54.65099715099715,0.4415954415954416,0
365,1124,1369,650,63540,56.530249110320284,0.5782918149466192,0
366,1514,1837,1130,36690,24.233817701453106,0.7463672391017173,0
367,1207,1476,720,87370,72.3860811930406,0.5965202982601492,0
368,1484,1774,940,59800,40.296495956873315,0.633423180592992,0
369,1398,1678,920,48030,34.35622317596567,0.6580829756795422,0
370,1769,2112,660,96650,54.635387224420576,0.3730921424533635,0
371,1111,1322,610,65500,58.955895589558956,0.549054905490549,0
372,1078,1305,1190,55530,51.51205936920223,1.103896103896104,0
373,1876,2254,1340,21650,11.540511727078892,0.7142857142857143,0
374,1909,2306,820,31940,16.731272917757988,0.429544264012572,0
375,1940,2343,1130,84690,43.654639175257735,0.5824742268041238,0
376,1391,1683,890,68390,49.16606757728253,0.6398274622573688,0
377,1496,1774,810,75490,50.461229946524064,0.5414438502673797,0
378,1412,1699,680,39200,27.762039660056658,0.48158640226628896,0
379,1121,1345,320,85670,76.4228367528992,0.2854594112399643,0
380,1691,2026,700,60530,35.79538734476641,0.41395623891188643,0
381,1599,1946,940,78090,48.83677298311444,0.5878674171357098,0
382,1208,1467,910,50720,41.98675496688742,0.7533112582781457,0
383,1454,1737,870,23090,15.880330123796425,0.5983493810178817,0
384,1555,1881,1260,91360,58.752411575562704,0.8102893890675241,0
385,1554,1852,440,48120,30.965250965250966,0.28314028314028317,0
386,1491,1800,980,75620,50.717639168343396,0.6572769953051644,0
387,1415,1697,1200,39420,27.858657243816253,0.8480565371024735,0
388,1487,1801,890,51130,34.38466711499664,0.5985205110961668,0
389,1339,1589,1050,33890,25.30993278566094,0.784167289021658,0
390,1320,1562,610,87170,66.03787878787878,0.4621212121212121,0
391,1509,1799,960,38600,25.579854208084825,0.6361829025844931,0
392,1406,1680,860,60980,43.37126600284495,0.6116642958748222,0
393,1264,1502,800,79410,62.824367088607595,0.6329113924050633,0
394,1905,2280,1060,82350,43.22834645669291,0.5564304461942258,0
395,1209,1464,600,36740,30.388751033912325,0.49627791563275436,0
396,1546,1829,380,27720,17.93014230271669,0.24579560155239327,0
397,1689,2044,1140,32260,19.100059206631144,0.6749555950266429,0
398,1153,1381,730,53270,46.20121422376409,0.6331309627059843,0
399,2063,2493,810,51480,24.95395055744062,0.3926320891904993,0
400,1848,2254,1000,59970,32.451298701298704,0.5411255411255411,0
401,1718,2056,1220,83600,48.66123399301513,0.710128055878929,0
402,1480,1773,360,63020,42.58108108108108,0.24324324324324326,0
403,1439,1724,900,50920,35.38568450312717,0.6254343293954134,0
404,1576,1896,750,56450,35.818527918781726,0.47588832487309646,0
405,1948,2374,930,89540,45.965092402464066,0.47741273100616016,0
406,1613,1893,1180,46030,28.536887786732795,0.7315561066336019,0
407,896,1059,870,75110,83.828125,0.9709821428571429,0
408,1625,1943,680,74520,45.85846153846154,0.41846153846153844,0
409,1303,1587,1310,102310,78.51880276285495,1.0053722179585571,0
410,1340,1605,1000,53400,39.850746268656714,0.746268656716418,0
411,1410,1704,1130,59760,42.38297872340426,0.8014184397163121,0
412,1432,1719,990,49540,34.59497206703911,0.6913407821229051,0
413,1891,2280,360,51560,27.26599682707562,0.19037546271813854,0
414,1322,1583,720,49510,37.450832072617246,0.5446293494704992,0
415,1378,1670,950,58610,42.53265602322206,0.6894049346879536,0
416,1462,1732,840,68260,46.689466484268124,0.5745554035567716,0
417,1440,1733,1120,65310,45.354166666666664,0.7777777777777778,0
418,1421,1724,920,52090,36.65728360309641,0.6474313863476425,0
419,1280,1530,1240,43860,34.265625,0.96875,0
420,1431,1710,840,74170,51.830887491264846,0.5870020964360587,0
421,1161,1404,430,58380,50.28423772609819,0.37037037037037035,0
422,1175,1405,810,91200,77.61702127659575,0.6893617021276596,0
423,1395,1662,920,90940,65.18996415770609,0.6594982078853047,0
424,1443,1755,880,49330,34.18572418572418,0.6098406098406098,0
425,1247,1523,1350,53500,42.90296712109062,1.082598235765838,0
426,1788,2133,1000,54590,30.53131991051454,0.5592841163310962,0
427,1138,1375,1220,57450,50.48330404217926,1.0720562390158173,0
428,1709,2042,430,33240,19.449970743124634,0.2516091281451141,0
429,1777,2145,520,80790,45.46426561620709,0.2926280247608329,0
430,1612,1918,580,61000,37.84119106699752,0.3598014888337469,0
431,1618,1943,460,47620,29.431396786155748,0.2843016069221261,0
432,1311,1571,470,72090,54.98855835240275,0.35850495804729215,0
433,1365,1638,680,102920,75.3992673992674,0.4981684981684982,0
434,1249,1503,950,61970,49.615692554043235,0.7606084867894315,0
435,1373,1635,840,61040,44.457392571012385,0.6117989803350328,0
436,1536,1836,990,52060,33.893229166666664,0.64453125,0
437,1744,2101,520,69570,39.89105504587156,0.2981651376146789,0
438,1513,1820,520,66020,43.635161929940516,0.34368803701255785,0
439,1297,1561,1070,40000,30.840400925212027,0.8249807247494217,0
440,1908,2304,990,79500,41.666666666666664,0.5188679245283019,0
441,1721,2076,710,76300,44.33468913422429,0.4125508425334108,0
442,1243,1491,430,69030,55.534995977473855,0.34593724859211583,0
443,1472,1766,1290,57140,38.817934782608695,0.876358695652174,0
444,1307,1570,1080,41710,31.912777352716144,0.8263198163733741,0
445,1628,1959,890,71480,43.90663390663391,0.5466830466830467,0
446,1556,1869,1000,33010,21.2146529562982,0.6426735218508998,0
447,1179,1428,1290,74570,63.24851569126378,1.094147582697201,0
448,1768,2123,860,49590,28.04864253393665,0.48642533936651583,0
449,1378,1656,1010,73170,53.09869375907112,0.7329462989840348,0
450,1685,2015,1160,79220,47.01483679525222,0.6884272997032641,0
451,1474,1759,880,75880,51.47896879240163,0.5970149253731343,0
452,1794,2137,670,67610,37.686733556298776,0.3734671125975474,0
453,1086,1291,930,69090,63.61878453038674,0.856353591160221,0
454,1808,2154,990,35220,19.48008849557522,0.547566371681416,0
455,1501,1790,450,53940,35.936042638241176,0.29980013324450366,0
456,1353,1598,690,56660,41.87730968218773,0.5099778270509978,0
457,1455,1757,650,67520,46.40549828178694,0.44673539518900346,0
458,1165,1411,1020,38620,33.15021459227468,0.8755364806866953,0
459,1332,1610,880,38890,29.196696696696698,0.6606606606606606,0
460,1396,1668,760,79270,56.7836676217765,0.5444126074498568,0
461,1513,1821,690,42880,28.341044282881693,0.4560475875743556,0
462,1618,1940,630,44240,27.34239802224969,0.38936959208899874,0
463,1845,2233,370,43190,23.40921409214092,0.2005420054200542,0
464,1172,1411,460,74550,63.60921501706485,0.3924914675767918,0
465,1436,1737,770,57090,39.75626740947075,0.5362116991643454,0
466,1738,2065,750,56480,32.497123130034524,0.4315304948216341,0
467,2229,2667,660,87410,39.214894571556755,0.2960969044414536,0
468,1490,1783,730,81370,54.61073825503356,0.4899328859060403,0
469,1060,1279,670,97360,91.84905660377359,0.6320754716981132,0
470,2015,2436,680,77960,38.68982630272953,0.337468982630273,0
471,1611,1919,960,71240,44.22098075729361,0.595903165735568,0
472,1187,1417,1230,58940,49.654591406908175,1.0362257792754843,0
473,1430,1690,800,78950,55.20979020979021,0.5594405594405595,0
474,1543,1840,450,36380,23.57744653272845,0.2916396629941672,0
475,1836,2195,940,45160,24.59694989106754,0.5119825708061002,0
476,1463,1764,1060,69050,47.19753930280246,0.7245386192754614,0
477,1213,1462,560,56830,46.85078318219291,0.46166529266281947,0
478,1244,1480,860,93530,75.18488745980707,0.6913183279742765,0
479,1745,2108,730,46920,26.888252148997136,0.4183381088825215,0
480,933,1121,940,55990,60.01071811361201,1.007502679528403,0
481,1764,2132,920,40840,23.151927437641724,0.5215419501133787,0
482,1675,2002,1050,64990,38.8,0.6268656716417911,0
483,1688,2046,380,53550,31.723933649289098,0.22511848341232227,0
484,1842,2204,930,51320,27.86102062975027,0.504885993485342,0
485,1316,1597,980,36560,27.78115501519757,0.7446808510638298,0
486,1440,1719,580,66050,45.86805555555556,0.4027777777777778,0
487,1760,2111,680,52400,29.772727272727273,0.38636363636363635,0
488,1323,1571,850,27970,21.14134542705971,0.6424792139077853,0
489,1230,1466,730,67100,54.552845528455286,0.5934959349593496,0
490,1540,1838,570,43710,28.383116883116884,0.37012987012987014,0
491,1167,1388,620,38600,33.07626392459297,0.5312767780634104,0
492,1429,1695,890,53890,37.71168649405178,0.622813156053184,0
493,1491,1770,800,52610,35.28504359490275,0.5365526492287056,0
494,1313,1574,920,43130,32.848438690022846,0.7006854531607006,0
495,1609,1943,920,40300,25.04661280298322,0.5717837165941578,0
496,1109,1342,760,49750,44.860234445446345,0.6853020739404869,0
497,1207,1440,500,43840,36.32145816072908,0.4142502071251036,0
498,902,1087,680,56820,62.993348115299334,0.753880266075388,0
499,1191,1422,770,36350,30.520570948782535,0.6465155331654072,0
500,1335,1601,460,50820,38.06741573033708,0.3445692883895131,0
501,1382,1660,1070,83720,60.578871201157746,0.7742402315484804,0
502,1588,1906,450,46970,29.57808564231738,0.28337531486146095,0
503,1918,2284,310,78020,40.67778936392075,0.1616266944734098,0
504,1484,1774,880,45080,30.37735849056604,0.5929919137466307,0
505,1334,1607,370,55160,41.34932533733134,0.2773613193403298,0
506,1556,1846,760,72020,46.2853470437018,0.4884318766066838,0
507,1784,2142,950,64010,35.880044843049326,0.5325112107623319,0
508,1244,1477,890,27840,22.379421221864952,0.7154340836012861,0
509,1496,1787,800,58070,38.8168449197861,0.5347593582887701,0
510,1719,2058,700,51760,30.110529377545085,0.4072134962187318,0
511,1678,2022,1050,66050,39.36233611442193,0.6257449344457687,0
512,1247,1490,330,65750,52.72654370489174,0.264635124298316,0
513,1191,1421,980,65820,55.26448362720403,0.8228379513014273,0
514,1832,2208,1090,46760,25.524017467248907,0.5949781659388647,0
515,1271,1523,1140,50940,40.0786782061369,0.8969315499606609,0
516,1735,2084,820,56440,32.53025936599423,0.47262247838616717,0
517,1627,1948,890,32610,20.04302397049785,0.547019053472649,0
518,1351,1616,650,62770,46.461880088823094,0.4811250925240563,0
519,1520,1817,850,63600,41.8421052631579,0.5592105263157895,0
520,1490,1788,360,45840,30.76510067114094,0.24161073825503357,0
521,1777,2117,780,38280,21.541924592009003,0.4389420371412493,0
522,1688,2037,590,50960,30.18957345971564,0.3495260663507109,0
523,1537,1836,670,39480,25.686402081977878,0.4359141184124919,0
524,1622,1968,340,69610,42.91615289765721,0.2096177558569667,0
525,1148,1384,730,47800,41.637630662020904,0.6358885017421603,0
526,1001,1194,1210,44890,44.845154845154845,1.2087912087912087,0
527,1857,2236,1280,67420,36.30586968228325,0.6892837910608508,0
528,1552,1869,710,78870,50.81829896907217,0.4574742268041237,0
529,1700,2064,940,70310,41.358823529411765,0.5529411764705883,0
530,1554,1844,670,38530,24.794079794079796,0.43114543114543114,0
531,1482,1777,800,77570,52.341430499325234,0.5398110661268556,0
532,1275,1517,790,59920,46.996078431372545,0.6196078431372549,0
533,1642,1981,720,54450,33.160779537149814,0.438489646772229,0
534,1381,1633,1270,50250,36.38667632150616,0.9196234612599565,0
535,1381,1634,930,30790,22.295438088341783,0.6734250543084721,0
536,1057,1262,1490,35420,33.50993377483444,1.4096499526963102,0
537,1192,1445,810,43470,36.468120805369125,0.6795302013422819,0
538,1601,1920,600,61000,38.10118675827608,0.3747657713928795,0
539,1622,1968,210,64780,39.9383477188656,0.12946979038224415,0
540,1607,1909,460,39030,24.2874922215308,0.2862476664592408,0
541,2214,2647,740,65900,29.76513098464318,0.33423667570009036,0
542,1633,1936,1320,46050,28.199632578077157,0.8083282302510717,0
543,1546,1845,760,59070,38.20827943078913,0.49159120310478654,0
544,1475,1753,920,44670,30.284745762711864,0.6237288135593221,0
545,1270,1519,920,58390,45.976377952755904,0.7244094488188977,0
546,1185,1420,880,80370,67.82278481012658,0.7426160337552743,0
547,1614,1938,1110,53230,32.98017348203222,0.6877323420074349,0
548,1141,1353,1370,72000,63.10254163014899,1.2007011393514462,0
549,1244,1481,410,84040,67.55627009646302,0.3295819935691318,0
550,869,1050,850,52540,60.46029919447641,0.9781357882623706,0
551,2049,2465,720,63510,30.995607613469986,0.3513909224011713,0
552,1883,2262,570,42240,22.432288900690388,0.3027084439723845,0
553,1526,1842,690,39580,25.937090432503275,0.4521625163826999,0
554,1165,1390,1220,54610,46.8755364806867,1.0472103004291846,0
555,1832,2185,840,87330,47.669213973799124,0.4585152838427948,0
556,1723,2072,560,88410,51.311665699361576,0.3250145095763204,0
557,932,1138,820,89760,96.30901287553648,0.8798283261802575,0
558,1137,1374,700,101780,89.51627088830256,0.6156552330694811,0
559,1231,1472,810,70290,57.09991876523152,0.6580016246953696,0
560,1237,1512,1070,88210,71.30962004850444,0.8649959579628133,0
561,1371,1650,540,87160,63.57403355215171,0.3938730853391685,0
562,1767,2158,530,41540,23.50877192982456,0.29994340690435767,0
563,1748,2092,580,49170,28.12929061784897,0.3318077803203661,0
564,1212,1440,500,63950,52.76402640264026,0.41254125412541254,0
565,1466,1743,1200,70810,48.30150068212824,0.8185538881309686,0
566,1152,1386,980,49590,43.046875,0.8506944444444444,0
567,1439,1703,1000,67290,46.76164002779708,0.6949270326615705,0
568,2026,2400,720,51240,25.29121421520237,0.35538005923000987,0
569,1772,2146,1030,48540,27.392776523702032,0.5812641083521445,0
570,1511,1822,420,72410,47.92190602250165,0.27796161482461945,0
571,1199,1461,1070,54370,45.346121768140115,0.8924103419516264,0
572,1834,2184,830,94460,51.50490730643402,0.4525627044711014,0
573,1143,1375,940,85160,74.50568678915135,0.8223972003499562,0
574,1494,1794,550,52130,34.892904953145916,0.36813922356091033,0
575,1770,2131,1140,54650,30.875706214689266,0.6440677966101694,0
576,1455,1747,750,69320,47.6426116838488,0.5154639175257731,0
577,1141,1372,620,51480,45.11831726555653,0.5433829973707275,0
578,1586,1886,660,50060,31.563682219419924,0.416141235813367,0
579,1701,2034,660,62180,36.554967666078774,0.3880070546737213,0
580,1860,2246,410,79780,42.89247311827957,0.22043010752688172,0
581,1167,1406,440,42860,36.72664952870608,0.37703513281919454,0
582,1424,1716,630,54410,38.20926966292135,0.44241573033707865,0
583,1710,2053,730,69390,40.578947368421055,0.4269005847953216,0
584,1408,1708,220,42810,30.404829545454547,0.15625,0
585,1517,1831,610,30840,20.3295978905735,0.4021094264996704,0
586,1227,1476,720,56260,45.851670741646295,0.58679706601467,0
587,1609,1930,740,76470,47.52641392169049,0.4599129894344313,0
588,1553,1831,740,35680,22.974887314874437,0.4764971023824855,0
589,1814,2174,770,90070,49.65270121278942,0.4244762954796031,0
590,1240,1493,590,33120,26.70967741935484,0.47580645161290325,0
591,1206,1437,1330,54060,44.82587064676617,1.1028192371475953,0
592,1847,2186,910,75120,40.67135896047645,0.4926908500270709,0
593,1009,1202,330,41600,41.22893954410307,0.3270564915758176,0
594,1624,1946,870,20270,12.481527093596059,0.5357142857142857,0
595,1612,1931,790,60060,37.25806451612903,0.49007444168734493,0
596,1498,1805,1270,82270,54.91989319092123,0.8477970627503337,0
597,946,1125,590,29170,30.83509513742072,0.6236786469344608,0
598,1563,1872,1080,68420,43.77479206653871,0.690978886756238,0
599,1664,2016,830,59130,35.53485576923077,0.4987980769230769,0
600,1619,1947,910,74330,45.911056207535516,0.5620753551575046,0
601,1433,1722,830,77080,53.789253314724355,0.5792044661549197,0
602,1241,1489,1380,76250,61.44238517324738,1.1120064464141821,0
603,1429,1720,1180,59540,41.665500349895034,0.8257522743177047,0
604,1241,1488,770,54690,44.06929895245769,0.6204673650282031,0
605,1078,1306,680,84360,78.25602968460112,0.6307977736549165,0
606,1690,2065,910,51420,30.42603550295858,0.5384615384615384,0
607,1289,1536,540,65120,50.519782777346784,0.4189294026377037,0
608,1581,1894,760,49380,31.23339658444023,0.48070841239721696,0
609,1608,1945,760,37830,23.526119402985074,0.472636815920398,0
610,1344,1608,730,35980,26.770833333333332,0.5431547619047619,0
611,1513,1804,430,69190,45.73033707865169,0.28420356906807664,0
612,1529,1839,1000,50590,33.08698495748855,0.6540222367560498,0
613,1677,2014,660,60800,36.255217650566486,0.3935599284436494,0
614,1015,1229,930,31180,30.7192118226601,0.916256157635468,0
615,1438,1751,760,77790,54.09596662030598,0.5285118219749653,0
616,1426,1718,370,47570,33.35904628330996,0.2594670406732118,0
617,1412,1701,630,69130,48.95892351274787,0.4461756373937677,0
618,1622,1944,360,75970,46.83723797780518,0.2219482120838471,0
619,1503,1791,630,68350,45.475715236194276,0.41916167664670656,0
620,1501,1789,670,41680,27.76815456362425,0.4463690872751499,0
621,1971,2342,690,86560,43.916793505834605,0.350076103500761,0
622,1383,1687,830,81390,58.850325379609544,0.6001446131597975,0
623,1371,1635,720,50730,37.00218818380744,0.5251641137855579,0
624,1508,1823,520,71290,47.274535809018566,0.3448275862068966,0
625,1057,1284,750,70110,66.32923368022706,0.7095553453169348,0
626,1411,1680,1070,61590,43.649893692416725,0.7583274273564847,0
627,1466,1746,590,69370,47.31923601637108,0.4024556616643929,0
628,1545,1888,600,67110,43.43689320388349,0.3883495145631068,0
629,2044,2408,380,82020,40.12720156555773,0.18590998043052837,0
630,1887,2264,830,62050,32.88288288288288,0.43985161632220454,0
631,1505,1836,940,61730,41.01661129568107,0.6245847176079734,0
632,1422,1722,560,58660,41.251758087201125,0.39381153305203936,0
633,1564,1869,1030,53370,34.12404092071611,0.6585677749360613,0
634,1510,1810,730,39700,26.29139072847682,0.48344370860927155,0
635,1568,1920,890,53750,34.27933673469388,0.5676020408163265,0
636,1933,2338,1140,44730,23.14019658561821,0.5897568546301086,0
637,1501,1822,590,49350,32.87808127914724,0.3930712858094604,0
638,1593,1911,580,43340,27.206528562460765,0.36409290646578785,0
639,1812,2189,310,78090,43.09602649006622,0.17108167770419427,0
640,1580,1895,720,54950,34.778481012658226,0.45569620253164556,0
641,1440,1749,490,75530,52.451388888888886,0.3402777777777778,0
642,1100,1331,1010,57330,52.11818181818182,0.9181818181818182,0
643,1534,1841,680,87930,57.32073011734029,0.44328552803129073,0
644,1299,1555,1020,56850,43.764434180138565,0.7852193995381063,0
645,1767,2121,1050,78430,44.3859649122807,0.5942275042444821,0
646,1368,1649,740,63660,46.53508771929825,0.5409356725146199,0
647,1393,1670,410,62960,45.197415649676955,0.29432878679109836,0
648,1327,1590,770,81870,61.69555388093444,0.5802562170308968,0
649,1514,1794,1400,54820,36.20871862615588,0.9247027741083224,0
650,1989,2414,860,116320,58.48164906988436,0.432378079436903,0
651,1334,1584,840,57200,42.87856071964018,0.6296851574212894,0
652,1533,1817,950,84360,55.0293542074364,0.6196999347684279,0
653,1809,2145,940,36530,20.1934770591487,0.5196241017136539,0
654,1607,1933,930,81260,50.56627255756067,0.5787181082762912,0
655,1165,1387,1060,82350,70.68669527896996,0.9098712446351931,0
656,1193,1430,560,80830,67.75356244761106,0.4694048616932104,0
657,1709,2065,670,30610,17.911059098888238,0.3920421299005266,0
658,1525,1839,540,51310,33.64590163934426,0.3540983606557377,0
659,1348,1623,1010,72940,54.10979228486647,0.7492581602373887,0
660,1132,1366,1340,52450,46.3339222614841,1.1837455830388692,0
661,1667,2020,980,66070,39.63407318536293,0.587882423515297,0
662,1427,1720,630,43190,30.266292922214436,0.4414856341976174,0
663,1211,1447,1110,40730,33.63336085879438,0.916597853014038,0
664,1717,2048,700,78530,45.7367501456028,0.40768782760629,0
665,1766,2111,580,94690,53.618346545866366,0.32842582106455265,0
666,1086,1299,1050,44400,40.88397790055249,0.9668508287292817,0
667,1410,1692,790,73800,52.340425531914896,0.5602836879432624,0
668,1476,1760,600,37390,25.331978319783197,0.4065040650406504,0
669,1068,1278,440,64120,60.0374531835206,0.41198501872659177,0
670,1485,1785,1340,66160,44.552188552188554,0.9023569023569024,0
671,1461,1739,1250,22310,15.270362765229295,0.8555783709787816,0
672,1685,2010,990,62380,37.02077151335312,0.5875370919881305,0
673,1624,1958,290,63850,39.316502463054185,0.17857142857142858,0
674,1658,2000,350,36210,21.83956574185766,0.21109770808202655,0
675,1427,1677,210,54590,38.25508058864751,0.14716187806587247,0
676,1755,2072,810,69610,39.66381766381766,0.46153846153846156,0
677,1211,1472,790,65390,53.99669694467382,0.652353426919901,0
678,1591,1896,780,78130,49.10747957259585,0.49025769956002513,0
679,1797,2126,730,55710,31.001669449081803,0.4062326099053979,0
680,1519,1823,1040,69210,45.56287030941409,0.684660961158657,0
681,1637,1958,760,59940,36.615760537568725,0.46426389737324375,0
682,1451,1750,570,72550,50.0,0.3928325292901447,0
683,1203,1446,620,44260,36.791354945968415,0.515378221113882,0
684,1884,2262,310,56910,30.20700636942675,0.16454352441613587,0
685,1540,1820,310,82390,53.5,0.2012987012987013,0
686,1121,1332,790,54590,48.697591436217664,0.7047279214986619,0
687,1307,1562,490,69990,53.550114766641165,0.3749043611323642,0
688,1475,1775,230,72740,49.31525423728814,0.15593220338983052,0
689,1160,1401,900,35360,30.482758620689655,0.7758620689655172,0
690,1078,1276,640,94370,87.5417439703154,0.5936920222634509,0
691,1191,1436,840,43520,36.54072208228379,0.7052896725440806,0
692,1317,1569,780,36000,27.33485193621868,0.592255125284738,0
693,1548,1858,480,99480,64.26356589147287,0.31007751937984496,0
694,1560,1883,1040,83220,53.34615384615385,0.6666666666666666,0
695,1297,1529,870,52940,40.817270624518116,0.6707787201233616,0
696,1645,1958,530,93360,56.753799392097264,0.3221884498480243,0
697,1225,1455,750,73590,60.073469387755104,0.6122448979591837,0
698,1421,1704,840,53840,37.88881069669247,0.5911330049261084,0
699,1655,1956,800,47350,28.610271903323262,0.48338368580060426,0
700,1615,1928,660,65080,40.297213622291025,0.4086687306501548,0
701,1872,2262,560,62050,33.14636752136752,0.29914529914529914,0
702,1317,1581,910,30020,22.794229309035686,0.6909643128321944,0
703,1434,1729,480,49510,34.525801952580196,0.33472803347280333,0
704,1791,2167,700,64320,35.91289782244556,0.3908431044109436,0
705,932,1120,660,35590,38.18669527896996,0.7081545064377682,0
706,1609,1924,1170,63050,39.1858297078931,0.7271597265382225,0
707,1495,1793,1020,65300,43.67892976588629,0.6822742474916388,0
708,1769,2153,580,69560,39.32165065008479,0.32786885245901637,0
709,1693,2032,610,41910,24.75487300649734,0.3603071470761961,0
710,1247,1497,590,28330,22.718524458700884,0.4731355252606255,0
711,1502,1815,190,55980,37.270306258322236,0.12649800266311584,0
712,1360,1612,490,61080,44.911764705882355,0.3602941176470588,0
713,1542,1844,680,51380,33.320363164721144,0.4409857328145266,0
714,1631,1947,670,84410,51.75352544451257,0.410790925812385,0
715,1246,1482,1070,60680,48.69983948635634,0.8587479935794543,0
716,1990,2384,1110,64690,32.50753768844221,0.5577889447236181,0
717,967,1154,560,45780,47.34229576008273,0.5791106514994829,0
718,1582,1894,1100,41800,26.422250316055624,0.695322376738306,0
719,1430,1743,970,53230,37.22377622377623,0.6783216783216783,0
720,1827,2160,930,36160,19.792008757526,0.5090311986863711,0
721,1118,1338,1040,40450,36.180679785330945,0.9302325581395349,0
722,1766,2109,1120,57910,32.7916194790487,0.6342015855039638,0
723,1799,2173,910,36280,20.16675931072818,0.5058365758754864,0
724,1167,1411,440,39190,33.58183376178235,0.37703513281919454,0
725,1493,1795,530,62380,41.78164768921634,0.3549899531145345,0
726,1445,1734,900,21470,14.858131487889274,0.6228373702422145,0
727,1033,1237,740,34610,33.50435624394966,0.7163601161665053,0
728,1440,1711,1020,88120,61.19444444444444,0.7083333333333334,0
729,1487,1773,970,59190,39.80497646267653,0.652320107599193,0
730,1854,2205,890,36290,19.573894282632146,0.48004314994606256,0
731,1748,2086,550,53760,30.755148741418765,0.3146453089244851,0
732,1937,2310,520,66300,34.22818791946309,0.2684563758389262,0
733,1641,1999,950,93000,56.672760511883,0.578915295551493,0
734,1659,1999,650,65660,39.57805907172996,0.39180229053646776,0
735,1743,2061,860,81930,47.00516351118761,0.4934021801491681,0
736,1449,1733,320,60060,41.44927536231884,0.22084195997239475,0
737,1098,1309,860,59530,54.216757741347905,0.7832422586520947,0
738,1121,1351,900,46380,41.37377341659233,0.8028545941123997,0
739,1526,1858,550,76200,49.93446920052425,0.36041939711664484,0
740,1358,1645,770,56860,41.87039764359352,0.5670103092783505,0
741,1336,1616,710,86620,64.83532934131736,0.531437125748503,0
742,1502,1802,840,49730,33.10918774966711,0.559254327563249,0
743,1534,1858,860,88370,57.607561929595825,0.560625814863103,0
744,1418,1699,870,49160,34.66854724964739,0.613540197461213,0
745,854,1018,660,77740,91.0304449648712,0.7728337236533958,0
746,1450,1728,930,38560,26.593103448275862,0.6413793103448275,0
747,1474,1776,1020,51990,35.27137042062415,0.6919945725915875,0
748,1524,1819,1190,39970,26.22703412073491,0.7808398950131233,0
749,1361,1638,1140,46040,33.82806759735489,0.8376193975018369,0
750,1398,1683,490,49500,35.407725321888414,0.35050071530758226,0
751,1085,1308,1170,76670,70.66359447004608,1.0783410138248848,0
752,1660,1979,480,75800,45.66265060240964,0.2891566265060241,0
753,1648,2017,930,81720,49.5873786407767,0.5643203883495146,0
754,1453,1749,890,58440,40.220233998623534,0.6125258086717137,0
755,1323,1591,680,85720,64.79213907785336,0.5139833711262283,0
756,1385,1643,740,70940,51.2202166064982,0.5342960288808665,0
757,1250,1506,990,62420,49.936,0.792,0
758,1389,1683,680,56880,40.950323974082075,0.4895608351331893,0
759,1486,1758,820,101820,68.51951547779274,0.5518169582772544,0
760,1655,1993,440,86890,52.50151057401813,0.26586102719033233,0
761,1645,1963,900,47300,28.753799392097264,0.547112462006079,0
762,1464,1771,1080,31270,21.35928961748634,0.7377049180327869,0
763,1197,1428,830,65410,54.64494569757728,0.6934001670843776,0
764,1878,2264,310,54200,28.8604898828541,0.1650692225772098,0
765,1150,1378,730,67390,58.6,0.6347826086956522,0
766,1562,1881,740,54530,34.91037131882202,0.4737516005121639,0
767,1596,1939,960,79760,49.9749373433584,0.6015037593984962,0
768,1119,1345,790,78060,69.75871313672923,0.7059874888293118,0
769,1116,1347,700,74080,66.37992831541219,0.6272401433691757,0
770,1934,2349,750,52990,27.399172699069286,0.3877973112719752,0
771,1299,1540,590,70580,54.334103156274054,0.4541955350269438,0
772,1417,1689,570,34310,24.213126323218066,0.40225829216654907,0
773,1235,1503,660,74160,60.04858299595141,0.5344129554655871,0
774,1497,1815,700,59190,39.53907815631263,0.46760187040748163,0
775,1430,1704,1070,43370,30.32867132867133,0.7482517482517482,0
776,1537,1877,660,17670,11.496421600520495,0.42940793754066364,0
777,1444,1742,840,56710,39.272853185595565,0.5817174515235457,0
778,1477,1798,850,59820,40.50101557210562,0.5754908598510494,0
779,1041,1246,600,36190,34.764649375600385,0.5763688760806917,0
780,1226,1472,710,60440,49.29853181076672,0.5791190864600326,0
781,1489,1783,450,75300,50.57085292142377,0.3022162525184688,0
782,1549,1871,740,74080,47.824402840542284,0.4777275661717237,0
783,1073,1280,1240,60440,56.328052190121156,1.1556383970177073,0
784,1473,1785,570,80720,54.79972844534963,0.3869653767820774,0
785,2013,2396,580,47060,23.37804272230502,0.28812717337307503,0
786,1975,2368,450,86830,43.96455696202532,0.22784810126582278,0
787,1561,1877,790,56790,36.38052530429212,0.5060858424087123,0
788,1427,1723,1040,67090,47.014716187806584,0.728801681850035,0
789,1441,1747,670,44370,30.7911172796669,0.46495489243580845,0
790,1275,1548,370,82970,65.07450980392157,0.2901960784313726,0
791,1574,1876,620,56230,35.72426937738246,0.39390088945362134,0
792,1511,1791,1010,53760,35.57908669755129,0.6684315023163467,0
793,1428,1713,550,55390,38.78851540616247,0.3851540616246499,0
794,1388,1672,800,73500,52.95389048991355,0.5763688760806917,0
795,1057,1280,610,41050,38.836329233680225,0.5771050141911069,0
796,1440,1747,1090,67320,46.75,0.7569444444444444,0
797,1349,1610,700,65890,48.84358784284655,0.5189028910303929,0
798,1536,1808,830,56380,36.705729166666664,0.5403645833333334,0
799,2019,2420,850,85670,42.431896978702326,0.42100049529470035,0
800,1236,1508,1260,70830,57.30582524271845,1.0194174757281553,0
801,1436,1715,1030,48180,33.551532033426184,0.7172701949860725,0
802,1862,2248,1160,51910,27.878625134264233,0.6229860365198711,0
803,1200,1442,880,44320,36.93333333333333,0.7333333333333333,0
804,1360,1650,420,58940,43.338235294117645,0.3088235294117647,0
805,1722,2078,770,73610,42.746806039488966,0.44715447154471544,0
806,1577,1902,910,54060,34.280279010779964,0.5770450221940393,0
807,1850,2214,1110,85000,45.945945945945944,0.6,0
808,1447,1730,510,49030,33.88389771941949,0.3524533517622668,0
809,1496,1800,780,63300,42.31283422459893,0.5213903743315508,0
810,1679,2008,790,84300,50.20845741512805,0.47051816557474685,0
811,994,1194,1090,81390,81.88128772635815,1.096579476861167,0
812,1354,1635,1270,95900,70.8271787296898,0.9379615952732644,0
813,1597,1918,1260,71830,44.97808390732624,0.788979336255479,0
814,1873,2252,330,79310,42.34383342231714,0.1761879337960491,0
815,1218,1459,540,87890,72.15927750410509,0.4433497536945813,0
816,1458,1746,720,48610,33.34019204389575,0.49382716049382713,0
817,1546,1860,670,73160,47.32212160413972,0.4333764553686934,0
818,1608,1962,770,36280,22.562189054726367,0.47885572139303484,0
819,1822,2160,860,49720,27.288693743139408,0.47200878155872666,0
820,1716,2038,410,44400,25.874125874125873,0.23892773892773891,0
821,1072,1296,900,47590,44.39365671641791,0.8395522388059702,0
822,1330,1604,480,51460,38.69172932330827,0.3609022556390977,0
823,1588,1892,540,57750,36.36649874055416,0.34005037783375314,0
824,1425,1733,760,66000,46.31578947368421,0.5333333333333333,0
825,1778,2133,280,45950,25.843644544431946,0.15748031496062992,0
826,1363,1630,1120,53900,39.54512105649303,0.8217168011738811,0
827,1609,1928,160,37920,23.567433188315725,0.09944064636420137,0
828,1671,2024,620,63100,37.76181926989826,0.3710353081986834,0
829,1379,1636,440,36770,26.664249456127628,0.31907179115300943,0
830,1218,1452,870,43910,36.050903119868636,0.7142857142857143,0
831,1724,2101,900,66390,38.509280742459396,0.5220417633410673,0
832,986,1179,710,59160,60.0,0.7200811359026369,0
833,1330,1606,590,38510,28.954887218045112,0.44360902255639095,0
834,1437,1725,910,46220,32.16423103688239,0.6332637439109255,0
835,1327,1609,1320,41500,31.273549359457423,0.9947249434815373,0
836,1651,2009,1000,58160,35.22713506965476,0.6056935190793459,0
837,1211,1462,670,38530,31.81668042939719,0.5532617671345995,0
838,1916,2277,610,55880,29.16492693110647,0.31837160751565763,0
839,1638,1937,1050,70940,43.30891330891331,0.6410256410256411,0
840,1172,1413,480,53940,46.02389078498293,0.40955631399317405,0
841,1350,1606,770,43030,31.874074074074073,0.5703703703703704,0
842,1528,1843,340,59820,39.14921465968586,0.22251308900523561,0
843,1305,1557,580,55500,42.52873563218391,0.4444444444444444,0
844,1463,1751,900,49990,34.169514695830486,0.6151742993848257,0
845,1409,1727,700,42980,30.503903477643718,0.49680624556423,0
846,1419,1743,860,65970,46.49048625792812,0.6060606060606061,0
847,1535,1819,540,59290,38.62540716612378,0.3517915309446254,0
848,1474,1745,970,63020,42.75440976933514,0.6580732700135685,0
849,919,1099,1560,73810,80.31556039173014,1.6974972796517955,0
850,2067,2492,790,70230,33.97677793904209,0.382196419932269,0
851,1977,2362,1020,59950,30.32372281234193,0.5159332321699545,0
852,1293,1558,790,78100,60.40216550657386,0.6109822119102861,0
853,1477,1790,880,16370,11.083276912660798,0.5958023019634394,0
854,1582,1906,550,92640,58.558786346396964,0.347661188369153,0
855,1481,1789,550,63540,42.90344361917623,0.3713706954760297,0
856,1214,1455,950,87220,71.84514003294893,0.7825370675453048,0
857,1206,1460,810,41990,34.817578772802655,0.6716417910447762,0
858,1653,1982,390,79410,48.039927404718696,0.23593466424682397,0
859,1152,1393,860,54380,47.204861111111114,0.7465277777777778,0
860,1458,1757,850,58600,40.1920438957476,0.5829903978052127,0
861,1249,1510,660,48950,39.19135308246597,0.5284227381905524,0
862,1939,2333,830,40670,20.974729241877256,0.42805569881382155,0
863,1591,1919,640,52340,32.8975487115022,0.4022627278441232,0
864,1180,1397,750,39140,33.16949152542373,0.635593220338983,0
865,1846,2195,1170,41090,22.258938244853738,0.6338028169014085,0
866,780,951,790,25600,32.82051282051282,1.0128205128205128,0
867,1565,1854,900,100900,64.47284345047923,0.5750798722044729,0
868,1648,1959,370,77080,46.771844660194176,0.22451456310679613,0
869,1775,2104,980,105150,59.23943661971831,0.5521126760563381,0
870,1439,1732,1170,80580,55.997220291869354,0.8130646282140376,0
871,1487,1776,800,46230,31.08944182918628,0.5379959650302623,0
872,1800,2158,1100,98260,54.58888888888889,0.6111111111111112,0
873,1690,2024,1070,75930,44.928994082840234,0.6331360946745562,0
874,1209,1452,830,52050,43.05210918114144,0.6865177832919769,0
875,1859,2222,1210,87000,46.799354491662186,0.650887573964497,0
876,1691,2023,540,60270,35.64163217031342,0.319337670017741,0
877,1259,1493,100,88270,70.11119936457506,0.07942811755361398,0
878,1771,2138,820,57820,32.648221343873516,0.46301524562394125,0
879,1205,1468,1210,61210,50.79668049792531,1.004149377593361,0
880,1792,2131,810,76420,42.645089285714285,0.45200892857142855,0
881,1263,1516,780,70980,56.19952494061758,0.6175771971496437,0
882,1344,1605,1160,76740,57.098214285714285,0.8630952380952381,0
883,1819,2187,590,47920,26.34414513468939,0.3243540406816932,0
884,1357,1625,1140,52160,38.43773028739867,0.8400884303610906,0
885,1396,1673,690,32740,23.45272206303725,0.49426934097421205,0
886,1118,1337,560,72270,64.6422182468694,0.5008944543828264,0
887,1655,1986,1150,77430,46.78549848942598,0.6948640483383686,0
888,1156,1398,140,92370,79.90484429065744,0.12110726643598616,0
889,1451,1734,670,34880,24.038594073053066,0.461750516884907,0
890,1539,1829,650,46580,30.26640675763483,0.4223521767381416,0
891,1549,1851,1220,70620,45.590703679793414,0.7876049063912202,0
892,1582,1910,1080,66390,41.96586599241466,0.6826801517067004,0
893,1387,1663,850,82080,59.178082191780824,0.6128334534967556,0
894,1200,1436,1060,76440,63.7,0.8833333333333333,0
895,1299,1560,770,96610,74.37259430331024,0.5927636643571979,0
896,1174,1429,1110,54340,46.28620102214651,0.9454855195911414,0
